Commodity,Unit,Location,Spot Price(Rs.),Up/Down,Date,Time
GOLD,10 GRMS,AHMEDABAD,27830,-,30 Dec 2016,17:01
GOLD,10 GRMS,AHMEDABAD,27890,+,30 Dec 2016,12:48
GOLD,10 GRMS,AHMEDABAD,27671,-,29 Dec 2016,16:56
GOLD,10 GRMS,AHMEDABAD,27693,+,29 Dec 2016,12:51
GOLD,10 GRMS,AHMEDABAD,27532,-,28 Dec 2016,16:36
GOLD,10 GRMS,AHMEDABAD,27562,=,28 Dec 2016,12:47
GOLD,10 GRMS,AHMEDABAD,27562,+,27 Dec 2016,16:50
GOLD,10 GRMS,AHMEDABAD,27482,+,27 Dec 2016,12:45
GOLD,10 GRMS,AHMEDABAD,27269,+,26 Dec 2016,16:46
GOLD,10 GRMS,AHMEDABAD,27259,+,26 Dec 2016,12:55
GOLD,10 GRMS,AHMEDABAD,27221,-,23 Dec 2016,17:05
GOLD,10 GRMS,AHMEDABAD,27273,+,23 Dec 2016,12:54
GOLD,10 GRMS,AHMEDABAD,27208,+,22 Dec 2016,16:55
GOLD,10 GRMS,AHMEDABAD,27172,-,22 Dec 2016,12:56
GOLD,10 GRMS,AHMEDABAD,27343,+,21 Dec 2016,16:36
GOLD,10 GRMS,AHMEDABAD,27315,+,21 Dec 2016,12:51
GOLD,10 GRMS,AHMEDABAD,27305,+,20 Dec 2016,16:49
GOLD,10 GRMS,AHMEDABAD,27280,-,20 Dec 2016,12:54
GOLD,10 GRMS,AHMEDABAD,27410,+,19 Dec 2016,17:03
GOLD,10 GRMS,AHMEDABAD,27400,+,19 Dec 2016,12:58
GOLD,10 GRMS,AHMEDABAD,27305,-,16 Dec 2016,16:56
GOLD,10 GRMS,AHMEDABAD,27314,-,16 Dec 2016,12:58
GOLD,10 GRMS,AHMEDABAD,27335,-,15 Dec 2016,16:51
GOLD,10 GRMS,AHMEDABAD,27494,-,15 Dec 2016,12:53
GOLD,10 GRMS,AHMEDABAD,27857,-,14 Dec 2016,16:38
GOLD,10 GRMS,AHMEDABAD,27862,+,14 Dec 2016,12:56
GOLD,10 GRMS,AHMEDABAD,27844,-,13 Dec 2016,17:18
GOLD,10 GRMS,AHMEDABAD,27853,-,13 Dec 2016,13:04
GOLD,10 GRMS,AHMEDABAD,28070,+,09 Dec 2016,16:37
GOLD,10 GRMS,AHMEDABAD,28033,-,09 Dec 2016,12:49
GOLD,10 GRMS,AHMEDABAD,28131,-,08 Dec 2016,16:49
GOLD,10 GRMS,AHMEDABAD,28190,-,08 Dec 2016,12:47
GOLD,10 GRMS,AHMEDABAD,28233,+,07 Dec 2016,17:10
GOLD,10 GRMS,AHMEDABAD,28199,-,07 Dec 2016,12:57
GOLD,10 GRMS,AHMEDABAD,28249,-,06 Dec 2016,16:51
GOLD,10 GRMS,AHMEDABAD,28274,+,06 Dec 2016,12:59
GOLD,10 GRMS,AHMEDABAD,28233,-,05 Dec 2016,17:19
GOLD,10 GRMS,AHMEDABAD,28433,+,05 Dec 2016,12:57
GOLD,10 GRMS,AHMEDABAD,28401,-,02 Dec 2016,17:07
GOLD,10 GRMS,AHMEDABAD,28476,+,02 Dec 2016,12:55
GOLD,10 GRMS,AHMEDABAD,28356,-,01 Dec 2016,17:18
GOLD,10 GRMS,AHMEDABAD,28514,-,01 Dec 2016,12:58
GOLD,10 GRMS,AHMEDABAD,28837,-,30 Nov 2016,18:47
GOLD,10 GRMS,AHMEDABAD,28858,-,30 Nov 2016,13:02
GOLD,10 GRMS,AHMEDABAD,28891,-,29 Nov 2016,16:55
GOLD,10 GRMS,AHMEDABAD,28894,-,29 Nov 2016,13:02
GOLD,10 GRMS,AHMEDABAD,28976,-,28 Nov 2016,17:13
GOLD,10 GRMS,AHMEDABAD,29017,+,28 Nov 2016,12:48
GOLD,10 GRMS,AHMEDABAD,28820,+,25 Nov 2016,16:42
GOLD,10 GRMS,AHMEDABAD,28701,-,25 Nov 2016,12:56
GOLD,10 GRMS,AHMEDABAD,29013,+,24 Nov 2016,16:46
GOLD,10 GRMS,AHMEDABAD,28917,-,24 Nov 2016,12:58
GOLD,10 GRMS,AHMEDABAD,29391,-,23 Nov 2016,16:44
GOLD,10 GRMS,AHMEDABAD,29413,+,23 Nov 2016,12:45
GOLD,10 GRMS,AHMEDABAD,29409,-,22 Nov 2016,16:47
GOLD,10 GRMS,AHMEDABAD,29420,+,22 Nov 2016,12:45
GOLD,10 GRMS,AHMEDABAD,29368,-,21 Nov 2016,16:51
GOLD,10 GRMS,AHMEDABAD,29421,+,21 Nov 2016,12:52
GOLD,10 GRMS,AHMEDABAD,29354,+,18 Nov 2016,17:11
GOLD,10 GRMS,AHMEDABAD,29250,-,18 Nov 2016,13:07
GOLD,10 GRMS,AHMEDABAD,29666,+,17 Nov 2016,16:52
GOLD,10 GRMS,AHMEDABAD,29613,-,17 Nov 2016,12:56
GOLD,10 GRMS,AHMEDABAD,29808,-,16 Nov 2016,16:51
GOLD,10 GRMS,AHMEDABAD,29929,-,16 Nov 2016,13:12
GOLD,10 GRMS,AHMEDABAD,29949,-,15 Nov 2016,17:06
GOLD,10 GRMS,AHMEDABAD,30189,-,15 Nov 2016,13:29
GOLD,10 GRMS,AHMEDABAD,30389,-,11 Nov 2016,16:47
GOLD,10 GRMS,AHMEDABAD,30395,-,11 Nov 2016,12:58
GOLD,10 GRMS,AHMEDABAD,30648,-,10 Nov 2016,17:01
GOLD,10 GRMS,AHMEDABAD,30776,+,10 Nov 2016,12:57
GOLD,10 GRMS,AHMEDABAD,30292,=,09 Nov 2016,12:56
GOLD,10 GRMS,AHMEDABAD,30292,-,08 Nov 2016,16:55
GOLD,10 GRMS,AHMEDABAD,30322,-,08 Nov 2016,12:53
GOLD,10 GRMS,AHMEDABAD,30421,-,07 Nov 2016,16:44
GOLD,10 GRMS,AHMEDABAD,30441,-,07 Nov 2016,12:47
GOLD,10 GRMS,AHMEDABAD,30598,+,04 Nov 2016,17:02
GOLD,10 GRMS,AHMEDABAD,30528,+,04 Nov 2016,12:46
GOLD,10 GRMS,AHMEDABAD,30477,-,03 Nov 2016,17:01
GOLD,10 GRMS,AHMEDABAD,30590,+,03 Nov 2016,13:02
GOLD,10 GRMS,AHMEDABAD,30551,-,02 Nov 2016,17:01
GOLD,10 GRMS,AHMEDABAD,30596,+,02 Nov 2016,13:09
GOLD,10 GRMS,AHMEDABAD,30049,=,01 Nov 2016,12:45
GOLD,10 GRMS,AHMEDABAD,30049,-,28 Oct 2016,17:17
GOLD,10 GRMS,AHMEDABAD,30169,+,28 Oct 2016,12:48
GOLD,10 GRMS,AHMEDABAD,30072,-,27 Oct 2016,16:56
GOLD,10 GRMS,AHMEDABAD,30079,-,27 Oct 2016,12:46
GOLD,10 GRMS,AHMEDABAD,30095,-,26 Oct 2016,17:06
GOLD,10 GRMS,AHMEDABAD,30134,+,26 Oct 2016,12:46
GOLD,10 GRMS,AHMEDABAD,30002,-,25 Oct 2016,17:09
GOLD,10 GRMS,AHMEDABAD,30008,+,25 Oct 2016,12:52
GOLD,10 GRMS,AHMEDABAD,29959,+,24 Oct 2016,17:04
GOLD,10 GRMS,AHMEDABAD,29929,-,24 Oct 2016,13:02
GOLD,10 GRMS,AHMEDABAD,29950,+,21 Oct 2016,16:58
GOLD,10 GRMS,AHMEDABAD,29909,-,21 Oct 2016,13:04
GOLD,10 GRMS,AHMEDABAD,30011,+,20 Oct 2016,16:55
GOLD,10 GRMS,AHMEDABAD,29986,+,20 Oct 2016,13:09
GOLD,10 GRMS,AHMEDABAD,29957,+,19 Oct 2016,17:07
GOLD,10 GRMS,AHMEDABAD,29829,-,19 Oct 2016,12:51
GOLD,10 GRMS,AHMEDABAD,29845,+,18 Oct 2016,16:57
GOLD,10 GRMS,AHMEDABAD,29841,+,18 Oct 2016,13:01
GOLD,10 GRMS,AHMEDABAD,29738,=,17 Oct 2016,16:52
GOLD,10 GRMS,AHMEDABAD,29737,-,17 Oct 2016,12:54
GOLD,10 GRMS,AHMEDABAD,29752,-,14 Oct 2016,16:38
GOLD,10 GRMS,AHMEDABAD,29800,-,14 Oct 2016,12:44
GOLD,10 GRMS,AHMEDABAD,29940,+,13 Oct 2016,16:54
GOLD,10 GRMS,AHMEDABAD,29899,+,13 Oct 2016,12:53
GOLD,10 GRMS,AHMEDABAD,29863,-,10 Oct 2016,16:50
GOLD,10 GRMS,AHMEDABAD,29896,+,10 Oct 2016,12:48
GOLD,10 GRMS,AHMEDABAD,29783,+,07 Oct 2016,16:38
GOLD,10 GRMS,AHMEDABAD,29712,-,07 Oct 2016,12:45
GOLD,10 GRMS,AHMEDABAD,29959,+,06 Oct 2016,16:44
GOLD,10 GRMS,AHMEDABAD,29905,-,06 Oct 2016,13:09
GOLD,10 GRMS,AHMEDABAD,30033,+,05 Oct 2016,17:01
GOLD,10 GRMS,AHMEDABAD,30022,-,05 Oct 2016,12:58
GOLD,10 GRMS,AHMEDABAD,30725,-,04 Oct 2016,17:09
GOLD,10 GRMS,AHMEDABAD,30762,-,04 Oct 2016,12:54
GOLD,10 GRMS,AHMEDABAD,30940,+,03 Oct 2016,16:51
GOLD,10 GRMS,AHMEDABAD,30856,-,03 Oct 2016,12:55
GOLD,10 GRMS,AHMEDABAD,31175,+,30 Sep 2016,17:34
GOLD,10 GRMS,AHMEDABAD,31166,+,30 Sep 2016,12:51
GOLD,10 GRMS,AHMEDABAD,31096,-,29 Sep 2016,16:38
GOLD,10 GRMS,AHMEDABAD,31101,+,29 Sep 2016,12:50
GOLD,10 GRMS,AHMEDABAD,31038,+,28 Sep 2016,16:50
GOLD,10 GRMS,AHMEDABAD,31009,-,28 Sep 2016,12:51
GOLD,10 GRMS,AHMEDABAD,31227,+,27 Sep 2016,16:50
GOLD,10 GRMS,AHMEDABAD,31192,-,27 Sep 2016,12:46
GOLD,10 GRMS,AHMEDABAD,31305,+,26 Sep 2016,16:45
GOLD,10 GRMS,AHMEDABAD,31270,-,26 Sep 2016,12:45
GOLD,10 GRMS,AHMEDABAD,31316,+,23 Sep 2016,16:42
GOLD,10 GRMS,AHMEDABAD,31255,-,23 Sep 2016,12:45
GOLD,10 GRMS,AHMEDABAD,31263,-,22 Sep 2016,16:38
GOLD,10 GRMS,AHMEDABAD,31305,+,22 Sep 2016,12:50
GOLD,10 GRMS,AHMEDABAD,31106,+,21 Sep 2016,16:45
GOLD,10 GRMS,AHMEDABAD,31095,+,21 Sep 2016,12:46
GOLD,10 GRMS,AHMEDABAD,30982,-,20 Sep 2016,16:45
GOLD,10 GRMS,AHMEDABAD,31037,+,20 Sep 2016,12:45
GOLD,10 GRMS,AHMEDABAD,30967,-,19 Sep 2016,16:41
GOLD,10 GRMS,AHMEDABAD,30998,+,19 Sep 2016,12:45
GOLD,10 GRMS,AHMEDABAD,30920,-,16 Sep 2016,16:33
GOLD,10 GRMS,AHMEDABAD,30978,-,16 Sep 2016,12:45
GOLD,10 GRMS,AHMEDABAD,31115,-,15 Sep 2016,16:34
GOLD,10 GRMS,AHMEDABAD,31151,+,15 Sep 2016,12:48
GOLD,10 GRMS,AHMEDABAD,31073,-,14 Sep 2016,16:46
GOLD,10 GRMS,AHMEDABAD,31094,-,14 Sep 2016,12:45
GOLD,10 GRMS,AHMEDABAD,31212,+,12 Sep 2016,17:14
GOLD,10 GRMS,AHMEDABAD,31202,+,12 Sep 2016,14:33
GOLD,10 GRMS,AHMEDABAD,31191,+,09 Sep 2016,16:33
GOLD,10 GRMS,AHMEDABAD,31122,-,09 Sep 2016,12:49
GOLD,10 GRMS,AHMEDABAD,31240,-,08 Sep 2016,17:10
GOLD,10 GRMS,AHMEDABAD,31274,-,08 Sep 2016,12:55
GOLD,10 GRMS,AHMEDABAD,31278,-,07 Sep 2016,16:59
GOLD,10 GRMS,AHMEDABAD,31300,+,07 Sep 2016,13:05
GOLD,10 GRMS,AHMEDABAD,31030,+,06 Sep 2016,16:41
GOLD,10 GRMS,AHMEDABAD,30970,+,06 Sep 2016,12:57
GOLD,10 GRMS,AHMEDABAD,30761,+,02 Sep 2016,16:43
GOLD,10 GRMS,AHMEDABAD,30743,+,02 Sep 2016,12:46
GOLD,10 GRMS,AHMEDABAD,30703,-,01 Sep 2016,16:36
GOLD,10 GRMS,AHMEDABAD,30790,-,01 Sep 2016,12:45
GOLD,10 GRMS,AHMEDABAD,30814,-,31 Aug 2016,17:54
GOLD,10 GRMS,AHMEDABAD,30822,-,31 Aug 2016,12:49
GOLD,10 GRMS,AHMEDABAD,31014,+,30 Aug 2016,16:44
GOLD,10 GRMS,AHMEDABAD,31008,+,30 Aug 2016,12:48
GOLD,10 GRMS,AHMEDABAD,30999,+,29 Aug 2016,16:49
GOLD,10 GRMS,AHMEDABAD,30961,-,29 Aug 2016,12:51
GOLD,10 GRMS,AHMEDABAD,31066,+,26 Aug 2016,16:38
GOLD,10 GRMS,AHMEDABAD,31024,-,26 Aug 2016,12:50
GOLD,10 GRMS,AHMEDABAD,31281,=,25 Aug 2016,12:57
GOLD,10 GRMS,AHMEDABAD,31281,-,24 Aug 2016,16:43
GOLD,10 GRMS,AHMEDABAD,31291,+,24 Aug 2016,12:47
GOLD,10 GRMS,AHMEDABAD,31280,-,23 Aug 2016,16:36
GOLD,10 GRMS,AHMEDABAD,31302,+,23 Aug 2016,12:46
GOLD,10 GRMS,AHMEDABAD,31267,+,22 Aug 2016,16:38
GOLD,10 GRMS,AHMEDABAD,31233,-,22 Aug 2016,12:46
GOLD,10 GRMS,AHMEDABAD,31252,-,19 Aug 2016,16:47
GOLD,10 GRMS,AHMEDABAD,31260,+,19 Aug 2016,12:50
GOLD,10 GRMS,AHMEDABAD,31073,=,18 Aug 2016,12:45
GOLD,10 GRMS,AHMEDABAD,31073,-,17 Aug 2016,16:53
GOLD,10 GRMS,AHMEDABAD,31120,-,17 Aug 2016,12:45
GOLD,10 GRMS,AHMEDABAD,31295,+,16 Aug 2016,16:48
GOLD,10 GRMS,AHMEDABAD,31184,+,16 Aug 2016,12:56
GOLD,10 GRMS,AHMEDABAD,31018,-,12 Aug 2016,16:49
GOLD,10 GRMS,AHMEDABAD,31021,-,12 Aug 2016,12:46
GOLD,10 GRMS,AHMEDABAD,31225,+,11 Aug 2016,16:36
GOLD,10 GRMS,AHMEDABAD,31053,-,11 Aug 2016,12:45
GOLD,10 GRMS,AHMEDABAD,31180,+,10 Aug 2016,16:48
GOLD,10 GRMS,AHMEDABAD,31117,+,10 Aug 2016,12:56
GOLD,10 GRMS,AHMEDABAD,30895,+,09 Aug 2016,16:37
GOLD,10 GRMS,AHMEDABAD,30860,-,09 Aug 2016,12:55
GOLD,10 GRMS,AHMEDABAD,30876,-,08 Aug 2016,16:57
GOLD,10 GRMS,AHMEDABAD,30900,-,08 Aug 2016,12:59
GOLD,10 GRMS,AHMEDABAD,31285,+,05 Aug 2016,16:48
GOLD,10 GRMS,AHMEDABAD,31207,+,05 Aug 2016,12:49
GOLD,10 GRMS,AHMEDABAD,31182,-,04 Aug 2016,16:41
GOLD,10 GRMS,AHMEDABAD,31268,-,04 Aug 2016,12:47
GOLD,10 GRMS,AHMEDABAD,31383,-,03 Aug 2016,16:39
GOLD,10 GRMS,AHMEDABAD,31446,+,03 Aug 2016,12:45
GOLD,10 GRMS,AHMEDABAD,31283,+,02 Aug 2016,16:51
GOLD,10 GRMS,AHMEDABAD,31206,+,02 Aug 2016,12:45
GOLD,10 GRMS,AHMEDABAD,31076,+,01 Aug 2016,16:46
GOLD,10 GRMS,AHMEDABAD,31035,+,01 Aug 2016,12:55
GOLD,10 GRMS,AHMEDABAD,30939,=,29 Jul 2016,18:02
GOLD,10 GRMS,AHMEDABAD,30938,-,29 Jul 2016,12:54
GOLD,10 GRMS,AHMEDABAD,31025,-,28 Jul 2016,17:03
GOLD,10 GRMS,AHMEDABAD,31078,+,28 Jul 2016,12:57
GOLD,10 GRMS,AHMEDABAD,30777,+,27 Jul 2016,16:56
GOLD,10 GRMS,AHMEDABAD,30720,-,27 Jul 2016,12:48
GOLD,10 GRMS,AHMEDABAD,30764,+,26 Jul 2016,16:42
GOLD,10 GRMS,AHMEDABAD,30740,+,26 Jul 2016,12:49
GOLD,10 GRMS,AHMEDABAD,30688,+,25 Jul 2016,16:52
GOLD,10 GRMS,AHMEDABAD,30684,-,25 Jul 2016,12:48
GOLD,10 GRMS,AHMEDABAD,30754,-,22 Jul 2016,16:54
GOLD,10 GRMS,AHMEDABAD,30807,+,22 Jul 2016,12:54
GOLD,10 GRMS,AHMEDABAD,30699,+,21 Jul 2016,16:51
GOLD,10 GRMS,AHMEDABAD,30671,-,21 Jul 2016,12:48
GOLD,10 GRMS,AHMEDABAD,30742,-,20 Jul 2016,16:46
GOLD,10 GRMS,AHMEDABAD,30819,-,20 Jul 2016,12:48
GOLD,10 GRMS,AHMEDABAD,30851,-,19 Jul 2016,16:51
GOLD,10 GRMS,AHMEDABAD,30945,+,19 Jul 2016,12:45
GOLD,10 GRMS,AHMEDABAD,30840,+,18 Jul 2016,16:42
GOLD,10 GRMS,AHMEDABAD,30708,-,18 Jul 2016,12:53
GOLD,10 GRMS,AHMEDABAD,30889,-,15 Jul 2016,16:31
GOLD,10 GRMS,AHMEDABAD,30922,+,15 Jul 2016,12:46
GOLD,10 GRMS,AHMEDABAD,30753,-,14 Jul 2016,16:46
GOLD,10 GRMS,AHMEDABAD,30825,-,14 Jul 2016,12:46
GOLD,10 GRMS,AHMEDABAD,31012,-,13 Jul 2016,16:42
GOLD,10 GRMS,AHMEDABAD,31113,-,13 Jul 2016,12:46
GOLD,10 GRMS,AHMEDABAD,31139,-,12 Jul 2016,16:46
GOLD,10 GRMS,AHMEDABAD,31156,-,12 Jul 2016,12:50
GOLD,10 GRMS,AHMEDABAD,31279,+,11 Jul 2016,16:30
GOLD,10 GRMS,AHMEDABAD,31242,+,11 Jul 2016,12:46
GOLD,10 GRMS,AHMEDABAD,31204,-,08 Jul 2016,16:50
GOLD,10 GRMS,AHMEDABAD,31228,-,08 Jul 2016,12:50
GOLD,10 GRMS,AHMEDABAD,31529,+,07 Jul 2016,16:41
GOLD,10 GRMS,AHMEDABAD,31462,+,07 Jul 2016,12:46
GOLD,10 GRMS,AHMEDABAD,31095,-,05 Jul 2016,16:54
GOLD,10 GRMS,AHMEDABAD,31153,+,05 Jul 2016,12:50
GOLD,10 GRMS,AHMEDABAD,31046,-,04 Jul 2016,16:43
GOLD,10 GRMS,AHMEDABAD,31222,+,04 Jul 2016,12:56
GOLD,10 GRMS,AHMEDABAD,30980,+,01 Jul 2016,16:53
GOLD,10 GRMS,AHMEDABAD,30747,+,01 Jul 2016,12:56
GOLD,10 GRMS,AHMEDABAD,30539,-,30 Jun 2016,18:34
GOLD,10 GRMS,AHMEDABAD,30576,-,30 Jun 2016,12:48
GOLD,10 GRMS,AHMEDABAD,30597,-,29 Jun 2016,16:41
GOLD,10 GRMS,AHMEDABAD,30885,+,29 Jun 2016,12:46
GOLD,10 GRMS,AHMEDABAD,30698,-,28 Jun 2016,16:53
GOLD,10 GRMS,AHMEDABAD,30723,-,28 Jun 2016,12:45
GOLD,10 GRMS,AHMEDABAD,31248,+,27 Jun 2016,16:54
GOLD,10 GRMS,AHMEDABAD,30957,-,27 Jun 2016,12:46
GOLD,10 GRMS,AHMEDABAD,30971,+,24 Jun 2016,16:50
GOLD,10 GRMS,AHMEDABAD,30823,+,24 Jun 2016,12:46
GOLD,10 GRMS,AHMEDABAD,29639,-,23 Jun 2016,16:43
GOLD,10 GRMS,AHMEDABAD,29714,+,23 Jun 2016,12:48
GOLD,10 GRMS,AHMEDABAD,29680,-,22 Jun 2016,16:38
GOLD,10 GRMS,AHMEDABAD,29722,-,22 Jun 2016,12:45
GOLD,10 GRMS,AHMEDABAD,29952,-,21 Jun 2016,16:35
GOLD,10 GRMS,AHMEDABAD,30084,+,21 Jun 2016,12:47
GOLD,10 GRMS,AHMEDABAD,29856,-,20 Jun 2016,16:46
GOLD,10 GRMS,AHMEDABAD,29925,-,20 Jun 2016,12:48
GOLD,10 GRMS,AHMEDABAD,29939,+,17 Jun 2016,16:39
GOLD,10 GRMS,AHMEDABAD,29752,-,17 Jun 2016,12:47
GOLD,10 GRMS,AHMEDABAD,30598,+,16 Jun 2016,16:40
GOLD,10 GRMS,AHMEDABAD,30515,+,16 Jun 2016,12:45
GOLD,10 GRMS,AHMEDABAD,29873,-,15 Jun 2016,16:44
GOLD,10 GRMS,AHMEDABAD,29924,+,15 Jun 2016,12:46
GOLD,10 GRMS,AHMEDABAD,29892,+,14 Jun 2016,16:57
GOLD,10 GRMS,AHMEDABAD,29828,+,14 Jun 2016,12:58
GOLD,10 GRMS,AHMEDABAD,29496,+,13 Jun 2016,16:42
GOLD,10 GRMS,AHMEDABAD,29397,+,13 Jun 2016,12:47
GOLD,10 GRMS,AHMEDABAD,29167,-,10 Jun 2016,16:58
GOLD,10 GRMS,AHMEDABAD,29265,+,10 Jun 2016,12:47
GOLD,10 GRMS,AHMEDABAD,29154,+,09 Jun 2016,16:58
GOLD,10 GRMS,AHMEDABAD,29113,+,09 Jun 2016,12:43
GOLD,10 GRMS,AHMEDABAD,29069,-,08 Jun 2016,16:44
GOLD,10 GRMS,AHMEDABAD,29074,+,08 Jun 2016,12:40
GOLD,10 GRMS,AHMEDABAD,28927,-,07 Jun 2016,16:49
GOLD,10 GRMS,AHMEDABAD,28956,-,07 Jun 2016,12:46
GOLD,10 GRMS,AHMEDABAD,29085,+,06 Jun 2016,16:58
GOLD,10 GRMS,AHMEDABAD,28996,+,06 Jun 2016,13:07
GOLD,10 GRMS,AHMEDABAD,28616,+,03 Jun 2016,16:52
GOLD,10 GRMS,AHMEDABAD,28578,-,03 Jun 2016,12:56
GOLD,10 GRMS,AHMEDABAD,28678,+,02 Jun 2016,17:02
GOLD,10 GRMS,AHMEDABAD,28660,-,02 Jun 2016,12:46
GOLD,10 GRMS,AHMEDABAD,28742,-,01 Jun 2016,16:34
GOLD,10 GRMS,AHMEDABAD,28761,+,01 Jun 2016,12:48
GOLD,10 GRMS,AHMEDABAD,28615,+,31 May 2016,18:46
GOLD,10 GRMS,AHMEDABAD,28605,+,31 May 2016,12:45
GOLD,10 GRMS,AHMEDABAD,28408,+,30 May 2016,16:46
GOLD,10 GRMS,AHMEDABAD,28385,-,30 May 2016,12:57
GOLD,10 GRMS,AHMEDABAD,28802,-,27 May 2016,16:39
GOLD,10 GRMS,AHMEDABAD,28819,-,27 May 2016,12:54
GOLD,10 GRMS,AHMEDABAD,29003,-,26 May 2016,16:44
GOLD,10 GRMS,AHMEDABAD,29092,+,26 May 2016,12:48
GOLD,10 GRMS,AHMEDABAD,28980,-,25 May 2016,16:43
GOLD,10 GRMS,AHMEDABAD,29007,-,25 May 2016,12:43
GOLD,10 GRMS,AHMEDABAD,29493,-,24 May 2016,16:46
GOLD,10 GRMS,AHMEDABAD,29544,-,24 May 2016,12:40
GOLD,10 GRMS,AHMEDABAD,29579,+,23 May 2016,16:45
GOLD,10 GRMS,AHMEDABAD,29555,-,23 May 2016,12:52
GOLD,10 GRMS,AHMEDABAD,29729,=,20 May 2016,18:30
GOLD,10 GRMS,AHMEDABAD,29690,+,20 May 2016,12:49
GOLD,10 GRMS,AHMEDABAD,29667,=,19 May 2016,18:32
GOLD,10 GRMS,AHMEDABAD,29682,-,19 May 2016,12:54
GOLD,10 GRMS,AHMEDABAD,29850,-,18 May 2016,16:50
GOLD,10 GRMS,AHMEDABAD,29878,+,18 May 2016,12:52
GOLD,10 GRMS,AHMEDABAD,29861,=,17 May 2016,20:12
GOLD,10 GRMS,AHMEDABAD,29862,-,17 May 2016,12:57
GOLD,10 GRMS,AHMEDABAD,29998,-,16 May 2016,16:49
GOLD,10 GRMS,AHMEDABAD,30010,+,16 May 2016,12:45
GOLD,10 GRMS,AHMEDABAD,29880,-,13 May 2016,16:53
GOLD,10 GRMS,AHMEDABAD,29895,+,13 May 2016,12:53
GOLD,10 GRMS,AHMEDABAD,29735,-,12 May 2016,16:43
GOLD,10 GRMS,AHMEDABAD,29770,-,12 May 2016,12:45
GOLD,10 GRMS,AHMEDABAD,29885,-,11 May 2016,16:52
GOLD,10 GRMS,AHMEDABAD,29897,+,11 May 2016,12:56
GOLD,10 GRMS,AHMEDABAD,29746,-,10 May 2016,16:49
GOLD,10 GRMS,AHMEDABAD,29784,-,10 May 2016,12:53
GOLD,10 GRMS,AHMEDABAD,29909,-,09 May 2016,16:48
GOLD,10 GRMS,AHMEDABAD,29934,-,09 May 2016,12:55
GOLD,10 GRMS,AHMEDABAD,30003,+,06 May 2016,16:32
GOLD,10 GRMS,AHMEDABAD,29944,+,06 May 2016,12:48
GOLD,10 GRMS,AHMEDABAD,29925,-,05 May 2016,16:41
GOLD,10 GRMS,AHMEDABAD,29960,-,05 May 2016,12:45
GOLD,10 GRMS,AHMEDABAD,29986,-,04 May 2016,16:56
GOLD,10 GRMS,AHMEDABAD,30022,-,04 May 2016,12:53
GOLD,10 GRMS,AHMEDABAD,30149,+,03 May 2016,16:59
GOLD,10 GRMS,AHMEDABAD,30136,-,03 May 2016,12:44
GOLD,10 GRMS,AHMEDABAD,30209,+,02 May 2016,16:42
GOLD,10 GRMS,AHMEDABAD,30191,+,02 May 2016,13:00
GOLD,10 GRMS,AHMEDABAD,29918,+,29 Apr 2016,17:00
GOLD,10 GRMS,AHMEDABAD,29898,+,29 Apr 2016,13:02
GOLD,10 GRMS,AHMEDABAD,29501,+,28 Apr 2016,16:59
GOLD,10 GRMS,AHMEDABAD,29435,+,28 Apr 2016,12:49
GOLD,10 GRMS,AHMEDABAD,29304,-,27 Apr 2016,16:57
GOLD,10 GRMS,AHMEDABAD,29345,+,27 Apr 2016,12:45
GOLD,10 GRMS,AHMEDABAD,29062,-,26 Apr 2016,16:48
GOLD,10 GRMS,AHMEDABAD,29118,+,26 Apr 2016,13:04
GOLD,10 GRMS,AHMEDABAD,29110,-,25 Apr 2016,17:02
GOLD,10 GRMS,AHMEDABAD,29164,-,25 Apr 2016,12:44
GOLD,10 GRMS,AHMEDABAD,29320,+,22 Apr 2016,16:47
GOLD,10 GRMS,AHMEDABAD,29283,-,22 Apr 2016,12:45
GOLD,10 GRMS,AHMEDABAD,29479,+,21 Apr 2016,16:52
GOLD,10 GRMS,AHMEDABAD,29474,+,21 Apr 2016,12:45
GOLD,10 GRMS,AHMEDABAD,29240,-,20 Apr 2016,16:39
GOLD,10 GRMS,AHMEDABAD,29244,+,20 Apr 2016,12:53
GOLD,10 GRMS,AHMEDABAD,29098,+,18 Apr 2016,17:00
GOLD,10 GRMS,AHMEDABAD,29054,+,18 Apr 2016,12:58
GOLD,10 GRMS,AHMEDABAD,28901,-,13 Apr 2016,16:54
GOLD,10 GRMS,AHMEDABAD,29045,-,13 Apr 2016,12:56
GOLD,10 GRMS,AHMEDABAD,29080,=,12 Apr 2016,12:48
GOLD,10 GRMS,AHMEDABAD,29080,=,11 Apr 2016,12:45
GOLD,10 GRMS,AHMEDABAD,29080,=,08 Apr 2016,12:45
GOLD,10 GRMS,AHMEDABAD,29080,=,07 Apr 2016,12:48
GOLD,10 GRMS,AHMEDABAD,29080,=,06 Apr 2016,12:46
GOLD,10 GRMS,AHMEDABAD,29080,=,05 Apr 2016,12:45
GOLD,10 GRMS,AHMEDABAD,29080,=,04 Apr 2016,12:45
GOLD,10 GRMS,AHMEDABAD,29080,=,01 Apr 2016,12:44
GOLD,10 GRMS,AHMEDABAD,29080,=,31 Mar 2016,12:46
GOLD,10 GRMS,AHMEDABAD,29080,=,30 Mar 2016,12:44
GOLD,10 GRMS,AHMEDABAD,29080,=,29 Mar 2016,12:44
GOLD,10 GRMS,AHMEDABAD,29080,=,28 Mar 2016,12:47
GOLD,10 GRMS,AHMEDABAD,29080,=,23 Mar 2016,12:41
GOLD,10 GRMS,AHMEDABAD,29080,=,22 Mar 2016,12:44
GOLD,10 GRMS,AHMEDABAD,29080,=,21 Mar 2016,12:46
GOLD,10 GRMS,AHMEDABAD,29080,=,18 Mar 2016,12:44
GOLD,10 GRMS,AHMEDABAD,29080,=,17 Mar 2016,12:44
GOLD,10 GRMS,AHMEDABAD,29080,+,16 Mar 2016,12:54
GOLD,10 GRMS,AHMEDABAD,29080,=,16 Mar 2016,12:54
GOLD,10 GRMS,AHMEDABAD,29080,=,15 Mar 2016,12:46
GOLD,10 GRMS,AHMEDABAD,29080,=,14 Mar 2016,12:45
GOLD,10 GRMS,AHMEDABAD,29080,=,11 Mar 2016,12:56
GOLD,10 GRMS,AHMEDABAD,29080,=,11 Mar 2016,12:56
GOLD,10 GRMS,AHMEDABAD,29080,=,10 Mar 2016,12:51
GOLD,10 GRMS,AHMEDABAD,29080,=,10 Mar 2016,12:50
GOLD,10 GRMS,AHMEDABAD,29080,-,09 Mar 2016,17:09
GOLD,10 GRMS,AHMEDABAD,29202,-,09 Mar 2016,12:45
GOLD,10 GRMS,AHMEDABAD,29455,+,08 Mar 2016,16:51
GOLD,10 GRMS,AHMEDABAD,29365,-,08 Mar 2016,12:52
GOLD,10 GRMS,AHMEDABAD,29450,+,04 Mar 2016,16:46
GOLD,10 GRMS,AHMEDABAD,29322,+,04 Mar 2016,12:44
GOLD,10 GRMS,AHMEDABAD,28977,+,03 Mar 2016,16:38
GOLD,10 GRMS,AHMEDABAD,28912,+,03 Mar 2016,12:48
GOLD,10 GRMS,AHMEDABAD,28800,-,02 Mar 2016,16:54
GOLD,10 GRMS,AHMEDABAD,28817,-,02 Mar 2016,13:12
GOLD,10 GRMS,AHMEDABAD,29184,+,01 Mar 2016,16:36
GOLD,10 GRMS,AHMEDABAD,29153,-,01 Mar 2016,12:54
GOLD,10 GRMS,AHMEDABAD,29181,+,29 Feb 2016,17:00
GOLD,10 GRMS,AHMEDABAD,29094,-,29 Feb 2016,13:54
GOLD,10 GRMS,AHMEDABAD,29187,+,26 Feb 2016,16:42
GOLD,10 GRMS,AHMEDABAD,29166,-,26 Feb 2016,12:52
GOLD,10 GRMS,AHMEDABAD,29177,+,25 Feb 2016,16:52
GOLD,10 GRMS,AHMEDABAD,29154,=,25 Feb 2016,12:51
GOLD,10 GRMS,AHMEDABAD,29154,+,24 Feb 2016,16:55
GOLD,10 GRMS,AHMEDABAD,29045,+,24 Feb 2016,12:46
GOLD,10 GRMS,AHMEDABAD,28840,-,23 Feb 2016,16:44
GOLD,10 GRMS,AHMEDABAD,28854,+,23 Feb 2016,12:51
GOLD,10 GRMS,AHMEDABAD,28598,-,22 Feb 2016,16:45
GOLD,10 GRMS,AHMEDABAD,28778,-,22 Feb 2016,12:52
GOLD,10 GRMS,AHMEDABAD,28918,+,19 Feb 2016,16:51
GOLD,10 GRMS,AHMEDABAD,28903,+,19 Feb 2016,12:59
GOLD,10 GRMS,AHMEDABAD,28560,+,18 Feb 2016,16:49
GOLD,10 GRMS,AHMEDABAD,28535,+,18 Feb 2016,12:46
GOLD,10 GRMS,AHMEDABAD,28473,-,17 Feb 2016,16:50
GOLD,10 GRMS,AHMEDABAD,28582,-,17 Feb 2016,12:51
GOLD,10 GRMS,AHMEDABAD,28654,+,16 Feb 2016,16:49
GOLD,10 GRMS,AHMEDABAD,28411,-,16 Feb 2016,12:53
GOLD,10 GRMS,AHMEDABAD,28459,-,15 Feb 2016,16:45
GOLD,10 GRMS,AHMEDABAD,28597,-,15 Feb 2016,12:56
GOLD,10 GRMS,AHMEDABAD,29305,-,12 Feb 2016,16:34
GOLD,10 GRMS,AHMEDABAD,29388,+,12 Feb 2016,12:45
GOLD,10 GRMS,AHMEDABAD,28934,+,11 Feb 2016,16:43
GOLD,10 GRMS,AHMEDABAD,28521,+,11 Feb 2016,12:54
GOLD,10 GRMS,AHMEDABAD,28199,=,10 Feb 2016,13:03
GOLD,10 GRMS,AHMEDABAD,28199,=,10 Feb 2016,13:03
GOLD,10 GRMS,AHMEDABAD,28199,-,09 Feb 2016,16:51
GOLD,10 GRMS,AHMEDABAD,28315,+,09 Feb 2016,12:51
GOLD,10 GRMS,AHMEDABAD,27789,+,08 Feb 2016,16:37
GOLD,10 GRMS,AHMEDABAD,27620,+,08 Feb 2016,12:51
GOLD,10 GRMS,AHMEDABAD,27486,+,05 Feb 2016,16:48
GOLD,10 GRMS,AHMEDABAD,27317,+,05 Feb 2016,12:45
GOLD,10 GRMS,AHMEDABAD,27221,-,04 Feb 2016,17:02
GOLD,10 GRMS,AHMEDABAD,27242,+,04 Feb 2016,12:51
GOLD,10 GRMS,AHMEDABAD,27052,+,03 Feb 2016,16:41
GOLD,10 GRMS,AHMEDABAD,27013,+,03 Feb 2016,12:46
GOLD,10 GRMS,AHMEDABAD,26867,+,02 Feb 2016,16:59
GOLD,10 GRMS,AHMEDABAD,26838,+,02 Feb 2016,12:50
GOLD,10 GRMS,AHMEDABAD,26778,+,01 Feb 2016,16:52
GOLD,10 GRMS,AHMEDABAD,26738,+,01 Feb 2016,12:54
GOLD,10 GRMS,AHMEDABAD,26575,-,29 Jan 2016,17:09
GOLD,10 GRMS,AHMEDABAD,26627,-,29 Jan 2016,12:44
GOLD,10 GRMS,AHMEDABAD,26808,+,28 Jan 2016,16:46
GOLD,10 GRMS,AHMEDABAD,26774,+,28 Jan 2016,12:48
GOLD,10 GRMS,AHMEDABAD,26731,-,27 Jan 2016,16:49
GOLD,10 GRMS,AHMEDABAD,26742,+,27 Jan 2016,12:48
GOLD,10 GRMS,AHMEDABAD,26373,+,25 Jan 2016,16:57
GOLD,10 GRMS,AHMEDABAD,26269,+,25 Jan 2016,12:56
GOLD,10 GRMS,AHMEDABAD,26186,-,22 Jan 2016,16:41
GOLD,10 GRMS,AHMEDABAD,26227,-,22 Jan 2016,12:44
GOLD,10 GRMS,AHMEDABAD,26334,-,21 Jan 2016,16:56
GOLD,10 GRMS,AHMEDABAD,26450,+,21 Jan 2016,12:42
GOLD,10 GRMS,AHMEDABAD,26264,+,20 Jan 2016,16:49
GOLD,10 GRMS,AHMEDABAD,26238,+,20 Jan 2016,12:42
GOLD,10 GRMS,AHMEDABAD,25976,-,19 Jan 2016,16:51
GOLD,10 GRMS,AHMEDABAD,25981,-,19 Jan 2016,12:48
GOLD,10 GRMS,AHMEDABAD,26056,+,18 Jan 2016,16:44
GOLD,10 GRMS,AHMEDABAD,26022,+,18 Jan 2016,12:41
GOLD,10 GRMS,AHMEDABAD,25576,=,15 Jan 2016,12:33
GOLD,10 GRMS,AHMEDABAD,25576,=,15 Jan 2016,12:33
GOLD,10 GRMS,AHMEDABAD,25576,=,14 Jan 2016,12:41
GOLD,10 GRMS,AHMEDABAD,25576,=,14 Jan 2016,12:41
GOLD,10 GRMS,AHMEDABAD,25576,-,13 Jan 2016,16:54
GOLD,10 GRMS,AHMEDABAD,25628,-,13 Jan 2016,12:48
GOLD,10 GRMS,AHMEDABAD,25828,-,12 Jan 2016,16:52
GOLD,10 GRMS,AHMEDABAD,25884,-,12 Jan 2016,12:46
GOLD,10 GRMS,AHMEDABAD,26003,-,11 Jan 2016,16:46
GOLD,10 GRMS,AHMEDABAD,26071,+,11 Jan 2016,12:57
GOLD,10 GRMS,AHMEDABAD,25858,-,08 Jan 2016,16:56
GOLD,10 GRMS,AHMEDABAD,25923,+,08 Jan 2016,12:55
GOLD,10 GRMS,AHMEDABAD,25887,-,07 Jan 2016,16:50
GOLD,10 GRMS,AHMEDABAD,25969,+,07 Jan 2016,12:52
GOLD,10 GRMS,AHMEDABAD,25648,+,06 Jan 2016,16:56
GOLD,10 GRMS,AHMEDABAD,25510,+,06 Jan 2016,12:49
GOLD,10 GRMS,AHMEDABAD,25419,-,05 Jan 2016,16:59
GOLD,10 GRMS,AHMEDABAD,25424,+,05 Jan 2016,12:53
GOLD,10 GRMS,AHMEDABAD,25292,+,04 Jan 2016,16:51
GOLD,10 GRMS,AHMEDABAD,25222,+,04 Jan 2016,13:03
GOLD,10 GRMS,AHMEDABAD,25042,+,01 Jan 2016,16:43
GOLD,10 GRMS,AHMEDABAD,25019,+,01 Jan 2016,12:47
GOLD,10 GRMS,AHMEDABAD,24994,-,31 Dec 2015,18:05
GOLD,10 GRMS,AHMEDABAD,25014,-,31 Dec 2015,12:59
GOLD,10 GRMS,AHMEDABAD,25144,-,30 Dec 2015,16:40
GOLD,10 GRMS,AHMEDABAD,25206,+,30 Dec 2015,12:50
GOLD,10 GRMS,AHMEDABAD,25196,-,29 Dec 2015,16:54
GOLD,10 GRMS,AHMEDABAD,25258,+,29 Dec 2015,12:53
GOLD,10 GRMS,AHMEDABAD,25153,-,28 Dec 2015,16:47
GOLD,10 GRMS,AHMEDABAD,25180,+,28 Dec 2015,12:48
GOLD,10 GRMS,AHMEDABAD,25148,-,23 Dec 2015,16:39
GOLD,10 GRMS,AHMEDABAD,25222,-,23 Dec 2015,12:47
GOLD,10 GRMS,AHMEDABAD,25307,=,22 Dec 2015,16:47
GOLD,10 GRMS,AHMEDABAD,25307,+,22 Dec 2015,13:12
GOLD,10 GRMS,AHMEDABAD,25221,+,21 Dec 2015,16:46
GOLD,10 GRMS,AHMEDABAD,25164,+,21 Dec 2015,13:06
GOLD,10 GRMS,AHMEDABAD,24954,-,18 Dec 2015,16:53
GOLD,10 GRMS,AHMEDABAD,24975,-,18 Dec 2015,12:52
GOLD,10 GRMS,AHMEDABAD,25136,-,17 Dec 2015,16:57
GOLD,10 GRMS,AHMEDABAD,25204,+,17 Dec 2015,12:49
GOLD,10 GRMS,AHMEDABAD,25193,-,16 Dec 2015,16:50
GOLD,10 GRMS,AHMEDABAD,25214,-,16 Dec 2015,12:53
GOLD,10 GRMS,AHMEDABAD,25250,-,15 Dec 2015,16:38
GOLD,10 GRMS,AHMEDABAD,25255,-,15 Dec 2015,12:42
GOLD,10 GRMS,AHMEDABAD,25344,-,14 Dec 2015,17:07
GOLD,10 GRMS,AHMEDABAD,25430,+,14 Dec 2015,12:48
GOLD,10 GRMS,AHMEDABAD,25231,-,11 Dec 2015,16:45
GOLD,10 GRMS,AHMEDABAD,25274,-,11 Dec 2015,12:49
GOLD,10 GRMS,AHMEDABAD,25324,-,10 Dec 2015,16:53
GOLD,10 GRMS,AHMEDABAD,25365,-,10 Dec 2015,12:53
GOLD,10 GRMS,AHMEDABAD,25505,+,09 Dec 2015,17:07
GOLD,10 GRMS,AHMEDABAD,25415,+,09 Dec 2015,12:47
GOLD,10 GRMS,AHMEDABAD,25315,-,08 Dec 2015,16:45
GOLD,10 GRMS,AHMEDABAD,25347,-,08 Dec 2015,12:52
GOLD,10 GRMS,AHMEDABAD,25547,+,07 Dec 2015,16:55
GOLD,10 GRMS,AHMEDABAD,25545,+,07 Dec 2015,12:56
GOLD,10 GRMS,AHMEDABAD,25143,=,04 Dec 2015,16:56
GOLD,10 GRMS,AHMEDABAD,25143,+,04 Dec 2015,12:54
GOLD,10 GRMS,AHMEDABAD,24887,-,03 Dec 2015,17:10
GOLD,10 GRMS,AHMEDABAD,24895,-,03 Dec 2015,12:51
GOLD,10 GRMS,AHMEDABAD,25164,-,02 Dec 2015,16:59
GOLD,10 GRMS,AHMEDABAD,25184,-,02 Dec 2015,12:46
GOLD,10 GRMS,AHMEDABAD,25235,-,01 Dec 2015,16:36
GOLD,10 GRMS,AHMEDABAD,25253,+,01 Dec 2015,13:10
GOLD,10 GRMS,AHMEDABAD,25049,-,30 Nov 2015,18:21
GOLD,10 GRMS,AHMEDABAD,25054,-,30 Nov 2015,12:53
GOLD,10 GRMS,AHMEDABAD,25263,-,27 Nov 2015,17:02
GOLD,10 GRMS,AHMEDABAD,25263,-,27 Nov 2015,17:02
GOLD,10 GRMS,AHMEDABAD,25285,-,27 Nov 2015,12:52
GOLD,10 GRMS,AHMEDABAD,25338,-,26 Nov 2015,16:55
GOLD,10 GRMS,AHMEDABAD,25352,+,26 Nov 2015,12:44
GOLD,10 GRMS,AHMEDABAD,25296,+,24 Nov 2015,16:51
GOLD,10 GRMS,AHMEDABAD,25259,+,24 Nov 2015,12:48
GOLD,10 GRMS,AHMEDABAD,25225,-,23 Nov 2015,16:59
GOLD,10 GRMS,AHMEDABAD,25235,-,23 Nov 2015,13:05
GOLD,10 GRMS,AHMEDABAD,25488,+,20 Nov 2015,16:56
GOLD,10 GRMS,AHMEDABAD,25461,+,20 Nov 2015,12:48
GOLD,10 GRMS,AHMEDABAD,25240,-,19 Nov 2015,16:50
GOLD,10 GRMS,AHMEDABAD,25312,+,19 Nov 2015,12:47
GOLD,10 GRMS,AHMEDABAD,25184,+,18 Nov 2015,16:45
GOLD,10 GRMS,AHMEDABAD,25135,-,18 Nov 2015,12:43
GOLD,10 GRMS,AHMEDABAD,25304,+,17 Nov 2015,16:49
GOLD,10 GRMS,AHMEDABAD,25263,-,17 Nov 2015,12:48
GOLD,10 GRMS,AHMEDABAD,25610,-,16 Nov 2015,16:45
GOLD,10 GRMS,AHMEDABAD,25715,-,16 Nov 2015,12:53
GOLD,10 GRMS,AHMEDABAD,25743,=,13 Nov 2015,16:26
GOLD,10 GRMS,AHMEDABAD,25743,=,13 Nov 2015,12:39
GOLD,10 GRMS,AHMEDABAD,25743,-,10 Nov 2015,16:54
GOLD,10 GRMS,AHMEDABAD,25764,-,10 Nov 2015,13:03
GOLD,10 GRMS,AHMEDABAD,25800,+,09 Nov 2015,16:50
GOLD,10 GRMS,AHMEDABAD,25798,-,09 Nov 2015,12:53
GOLD,10 GRMS,AHMEDABAD,25854,-,06 Nov 2015,16:40
GOLD,10 GRMS,AHMEDABAD,25887,+,06 Nov 2015,12:50
GOLD,10 GRMS,AHMEDABAD,25803,-,05 Nov 2015,16:48
GOLD,10 GRMS,AHMEDABAD,25818,-,05 Nov 2015,12:50
GOLD,10 GRMS,AHMEDABAD,25939,-,04 Nov 2015,16:41
GOLD,10 GRMS,AHMEDABAD,25982,-,04 Nov 2015,12:56
GOLD,10 GRMS,AHMEDABAD,26232,-,03 Nov 2015,17:03
GOLD,10 GRMS,AHMEDABAD,26303,-,03 Nov 2015,13:02
GOLD,10 GRMS,AHMEDABAD,26387,-,02 Nov 2015,17:02
GOLD,10 GRMS,AHMEDABAD,26396,-,02 Nov 2015,12:45
GOLD,10 GRMS,AHMEDABAD,26461,+,30 Oct 2015,17:10
GOLD,10 GRMS,AHMEDABAD,26388,-,30 Oct 2015,12:45
GOLD,10 GRMS,AHMEDABAD,26654,+,29 Oct 2015,16:50
GOLD,10 GRMS,AHMEDABAD,26628,-,29 Oct 2015,12:46
GOLD,10 GRMS,AHMEDABAD,26807,+,28 Oct 2015,16:47
GOLD,10 GRMS,AHMEDABAD,26802,+,28 Oct 2015,12:52
GOLD,10 GRMS,AHMEDABAD,26652,+,27 Oct 2015,16:53
GOLD,10 GRMS,AHMEDABAD,26650,-,27 Oct 2015,12:44
GOLD,10 GRMS,AHMEDABAD,26669,+,26 Oct 2015,16:40
GOLD,10 GRMS,AHMEDABAD,26635,-,26 Oct 2015,12:39
GOLD,10 GRMS,AHMEDABAD,26764,+,23 Oct 2015,16:48
GOLD,10 GRMS,AHMEDABAD,26758,-,23 Oct 2015,12:41
GOLD,10 GRMS,AHMEDABAD,26906,+,21 Oct 2015,16:54
GOLD,10 GRMS,AHMEDABAD,26895,+,21 Oct 2015,12:47
GOLD,10 GRMS,AHMEDABAD,26852,+,20 Oct 2015,16:53
GOLD,10 GRMS,AHMEDABAD,26788,+,20 Oct 2015,12:50
GOLD,10 GRMS,AHMEDABAD,26711,-,19 Oct 2015,16:46
GOLD,10 GRMS,AHMEDABAD,26723,-,19 Oct 2015,12:53
GOLD,10 GRMS,AHMEDABAD,26876,-,16 Oct 2015,16:37
GOLD,10 GRMS,AHMEDABAD,26954,+,16 Oct 2015,12:56
GOLD,10 GRMS,AHMEDABAD,26934,-,15 Oct 2015,16:43
GOLD,10 GRMS,AHMEDABAD,26966,+,15 Oct 2015,12:47
GOLD,10 GRMS,AHMEDABAD,26642,-,14 Oct 2015,16:47
GOLD,10 GRMS,AHMEDABAD,26846,+,14 Oct 2015,12:41
GOLD,10 GRMS,AHMEDABAD,26469,-,13 Oct 2015,16:54
GOLD,10 GRMS,AHMEDABAD,26501,-,13 Oct 2015,12:52
GOLD,10 GRMS,AHMEDABAD,26620,+,12 Oct 2015,16:39
GOLD,10 GRMS,AHMEDABAD,26568,+,12 Oct 2015,12:49
GOLD,10 GRMS,AHMEDABAD,26388,+,09 Oct 2015,16:37
GOLD,10 GRMS,AHMEDABAD,26217,-,09 Oct 2015,12:55
GOLD,10 GRMS,AHMEDABAD,26247,+,08 Oct 2015,16:50
GOLD,10 GRMS,AHMEDABAD,26203,-,08 Oct 2015,12:45
GOLD,10 GRMS,AHMEDABAD,26343,-,07 Oct 2015,16:57
GOLD,10 GRMS,AHMEDABAD,26476,+,07 Oct 2015,12:47
GOLD,10 GRMS,AHMEDABAD,26242,+,06 Oct 2015,16:35
GOLD,10 GRMS,AHMEDABAD,26232,+,06 Oct 2015,12:57
GOLD,10 GRMS,AHMEDABAD,26127,-,05 Oct 2015,16:54
GOLD,10 GRMS,AHMEDABAD,26181,+,05 Oct 2015,12:44
GOLD,10 GRMS,AHMEDABAD,25754,+,01 Oct 2015,16:58
GOLD,10 GRMS,AHMEDABAD,25744,-,01 Oct 2015,12:51
GOLD,10 GRMS,AHMEDABAD,25979,-,30 Sep 2015,17:09
GOLD,10 GRMS,AHMEDABAD,26038,-,30 Sep 2015,12:33
GOLD,10 GRMS,AHMEDABAD,26145,-,29 Sep 2015,16:48
GOLD,10 GRMS,AHMEDABAD,26219,-,29 Sep 2015,12:50
GOLD,10 GRMS,AHMEDABAD,26334,-,28 Sep 2015,16:54
GOLD,10 GRMS,AHMEDABAD,26457,+,28 Sep 2015,12:46
GOLD,10 GRMS,AHMEDABAD,26424,+,24 Sep 2015,16:40
GOLD,10 GRMS,AHMEDABAD,26422,+,24 Sep 2015,12:46
GOLD,10 GRMS,AHMEDABAD,26146,+,23 Sep 2015,16:43
GOLD,10 GRMS,AHMEDABAD,26126,-,23 Sep 2015,12:48
GOLD,10 GRMS,AHMEDABAD,26177,=,22 Sep 2015,16:53
GOLD,10 GRMS,AHMEDABAD,26177,-,22 Sep 2015,12:42
GOLD,10 GRMS,AHMEDABAD,26630,+,21 Sep 2015,16:47
GOLD,10 GRMS,AHMEDABAD,26393,+,21 Sep 2015,12:53
GOLD,10 GRMS,AHMEDABAD,26377,+,18 Sep 2015,16:29
GOLD,10 GRMS,AHMEDABAD,26220,+,18 Sep 2015,12:42
GOLD,10 GRMS,AHMEDABAD,25971,+,16 Sep 2015,16:56
GOLD,10 GRMS,AHMEDABAD,25893,+,16 Sep 2015,12:33
GOLD,10 GRMS,AHMEDABAD,25859,-,15 Sep 2015,16:42
GOLD,10 GRMS,AHMEDABAD,25951,+,15 Sep 2015,12:46
GOLD,10 GRMS,AHMEDABAD,25902,-,14 Sep 2015,16:49
GOLD,10 GRMS,AHMEDABAD,25933,-,14 Sep 2015,12:37
GOLD,10 GRMS,AHMEDABAD,26001,-,11 Sep 2015,16:46
GOLD,10 GRMS,AHMEDABAD,26003,+,11 Sep 2015,12:43
GOLD,10 GRMS,AHMEDABAD,25952,-,10 Sep 2015,16:44
GOLD,10 GRMS,AHMEDABAD,26003,-,10 Sep 2015,12:43
GOLD,10 GRMS,AHMEDABAD,26208,-,09 Sep 2015,16:35
GOLD,10 GRMS,AHMEDABAD,26232,-,09 Sep 2015,12:46
GOLD,10 GRMS,AHMEDABAD,26280,+,08 Sep 2015,16:32
GOLD,10 GRMS,AHMEDABAD,26271,-,08 Sep 2015,12:41
GOLD,10 GRMS,AHMEDABAD,26401,-,07 Sep 2015,16:33
GOLD,10 GRMS,AHMEDABAD,26422,+,07 Sep 2015,12:41
GOLD,10 GRMS,AHMEDABAD,26325,-,04 Sep 2015,16:56
GOLD,10 GRMS,AHMEDABAD,26353,+,04 Sep 2015,12:43
GOLD,10 GRMS,AHMEDABAD,26326,-,03 Sep 2015,16:52
GOLD,10 GRMS,AHMEDABAD,26432,-,03 Sep 2015,12:38
GOLD,10 GRMS,AHMEDABAD,26585,-,02 Sep 2015,16:47
GOLD,10 GRMS,AHMEDABAD,26601,-,02 Sep 2015,12:44
GOLD,10 GRMS,AHMEDABAD,26718,+,01 Sep 2015,16:33
GOLD,10 GRMS,AHMEDABAD,26706,+,01 Sep 2015,12:44
GOLD,10 GRMS,AHMEDABAD,26556,+,31 Aug 2015,17:03
GOLD,10 GRMS,AHMEDABAD,26542,+,31 Aug 2015,12:44
GOLD,10 GRMS,AHMEDABAD,26371,+,28 Aug 2015,16:44
GOLD,10 GRMS,AHMEDABAD,26365,+,28 Aug 2015,12:54
GOLD,10 GRMS,AHMEDABAD,26245,-,27 Aug 2015,16:39
GOLD,10 GRMS,AHMEDABAD,26325,-,27 Aug 2015,12:47
GOLD,10 GRMS,AHMEDABAD,26700,=,26 Aug 2015,12:40
GOLD,10 GRMS,AHMEDABAD,26700,=,26 Aug 2015,12:40
GOLD,10 GRMS,AHMEDABAD,26700,-,25 Aug 2015,16:42
GOLD,10 GRMS,AHMEDABAD,27016,-,25 Aug 2015,12:46
GOLD,10 GRMS,AHMEDABAD,27166,+,24 Aug 2015,16:28
GOLD,10 GRMS,AHMEDABAD,27095,+,24 Aug 2015,12:47
GOLD,10 GRMS,AHMEDABAD,26802,+,21 Aug 2015,16:34
GOLD,10 GRMS,AHMEDABAD,26986,+,21 Aug 2015,12:45
GOLD,10 GRMS,AHMEDABAD,26351,+,20 Aug 2015,16:35
GOLD,10 GRMS,AHMEDABAD,26266,+,20 Aug 2015,12:42
GOLD,10 GRMS,AHMEDABAD,25853,-,19 Aug 2015,16:28
GOLD,10 GRMS,AHMEDABAD,25865,-,19 Aug 2015,12:59
GOLD,10 GRMS,AHMEDABAD,25919,+,18 Aug 2015,16:39
GOLD,10 GRMS,AHMEDABAD,25891,+,18 Aug 2015,12:43
GOLD,10 GRMS,AHMEDABAD,25804,-,17 Aug 2015,16:35
GOLD,10 GRMS,AHMEDABAD,25809,+,17 Aug 2015,12:42
GOLD,10 GRMS,AHMEDABAD,25690,+,14 Aug 2015,16:52
GOLD,10 GRMS,AHMEDABAD,25658,-,14 Aug 2015,12:45
GOLD,10 GRMS,AHMEDABAD,25710,-,13 Aug 2015,16:38
GOLD,10 GRMS,AHMEDABAD,25733,+,13 Aug 2015,12:44
GOLD,10 GRMS,AHMEDABAD,25597,+,12 Aug 2015,16:51
GOLD,10 GRMS,AHMEDABAD,25585,+,12 Aug 2015,12:40
GOLD,10 GRMS,AHMEDABAD,25264,+,11 Aug 2015,16:33
GOLD,10 GRMS,AHMEDABAD,25011,+,11 Aug 2015,12:35
GOLD,10 GRMS,AHMEDABAD,24761,-,10 Aug 2015,16:42
GOLD,10 GRMS,AHMEDABAD,24798,+,10 Aug 2015,12:44
GOLD,10 GRMS,AHMEDABAD,24668,-,07 Aug 2015,16:39
GOLD,10 GRMS,AHMEDABAD,24677,+,07 Aug 2015,12:37
GOLD,10 GRMS,AHMEDABAD,24562,-,06 Aug 2015,16:45
GOLD,10 GRMS,AHMEDABAD,24585,-,06 Aug 2015,12:47
GOLD,10 GRMS,AHMEDABAD,24590,-,05 Aug 2015,16:51
GOLD,10 GRMS,AHMEDABAD,24696,=,05 Aug 2015,00:08
GOLD,10 GRMS,AHMEDABAD,24696,+,04 Aug 2015,16:45
GOLD,10 GRMS,AHMEDABAD,24666,-,04 Aug 2015,12:35
GOLD,10 GRMS,AHMEDABAD,24830,-,03 Aug 2015,16:52
GOLD,10 GRMS,AHMEDABAD,24855,+,03 Aug 2015,12:46
GOLD,10 GRMS,AHMEDABAD,24592,-,31 Jul 2015,17:02
GOLD,10 GRMS,AHMEDABAD,24620,-,31 Jul 2015,12:46
GOLD,10 GRMS,AHMEDABAD,24684,+,30 Jul 2015,16:43
GOLD,10 GRMS,AHMEDABAD,24657,-,30 Jul 2015,12:49
GOLD,10 GRMS,AHMEDABAD,24824,-,29 Jul 2015,16:48
GOLD,10 GRMS,AHMEDABAD,24855,+,29 Jul 2015,12:49
GOLD,10 GRMS,AHMEDABAD,24800,-,28 Jul 2015,16:34
GOLD,10 GRMS,AHMEDABAD,24892,-,28 Jul 2015,12:45
GOLD,10 GRMS,AHMEDABAD,24951,-,27 Jul 2015,16:52
GOLD,10 GRMS,AHMEDABAD,25050,+,27 Jul 2015,12:47
GOLD,10 GRMS,AHMEDABAD,24599,-,24 Jul 2015,16:47
GOLD,10 GRMS,AHMEDABAD,24627,-,24 Jul 2015,12:51
GOLD,10 GRMS,AHMEDABAD,25010,+,23 Jul 2015,16:47
GOLD,10 GRMS,AHMEDABAD,24924,+,23 Jul 2015,12:44
GOLD,10 GRMS,AHMEDABAD,24828,-,22 Jul 2015,16:44
GOLD,10 GRMS,AHMEDABAD,24843,-,22 Jul 2015,12:38
GOLD,10 GRMS,AHMEDABAD,25059,+,21 Jul 2015,16:38
GOLD,10 GRMS,AHMEDABAD,25044,-,21 Jul 2015,12:47
GOLD,10 GRMS,AHMEDABAD,25248,+,20 Jul 2015,16:46
GOLD,10 GRMS,AHMEDABAD,25248,+,20 Jul 2015,16:46
GOLD,10 GRMS,AHMEDABAD,25241,-,20 Jul 2015,12:53
GOLD,10 GRMS,AHMEDABAD,25693,-,17 Jul 2015,16:43
GOLD,10 GRMS,AHMEDABAD,25749,+,17 Jul 2015,12:48
GOLD,10 GRMS,AHMEDABAD,25708,-,16 Jul 2015,16:37
GOLD,10 GRMS,AHMEDABAD,25724,-,16 Jul 2015,12:46
GOLD,10 GRMS,AHMEDABAD,25890,+,15 Jul 2015,16:53
GOLD,10 GRMS,AHMEDABAD,25850,-,15 Jul 2015,12:49
GOLD,10 GRMS,AHMEDABAD,25858,-,14 Jul 2015,16:39
GOLD,10 GRMS,AHMEDABAD,25887,-,14 Jul 2015,12:41
GOLD,10 GRMS,AHMEDABAD,25922,-,13 Jul 2015,16:58
GOLD,10 GRMS,AHMEDABAD,25956,-,13 Jul 2015,12:48
GOLD,10 GRMS,AHMEDABAD,26014,+,10 Jul 2015,16:27
GOLD,10 GRMS,AHMEDABAD,26014,+,10 Jul 2015,16:27
GOLD,10 GRMS,AHMEDABAD,25998,-,10 Jul 2015,12:54
GOLD,10 GRMS,AHMEDABAD,26026,-,09 Jul 2015,16:38
GOLD,10 GRMS,AHMEDABAD,26041,+,09 Jul 2015,12:53
GOLD,10 GRMS,AHMEDABAD,25937,+,08 Jul 2015,16:43
GOLD,10 GRMS,AHMEDABAD,25798,-,08 Jul 2015,13:06
GOLD,10 GRMS,AHMEDABAD,26081,-,07 Jul 2015,16:56
GOLD,10 GRMS,AHMEDABAD,26091,+,07 Jul 2015,12:49
GOLD,10 GRMS,AHMEDABAD,26086,-,06 Jul 2015,16:31
GOLD,10 GRMS,AHMEDABAD,26156,+,06 Jul 2015,12:44
GOLD,10 GRMS,AHMEDABAD,26148,+,03 Jul 2015,16:35
GOLD,10 GRMS,AHMEDABAD,26097,+,03 Jul 2015,12:56
GOLD,10 GRMS,AHMEDABAD,26042,-,02 Jul 2015,16:46
GOLD,10 GRMS,AHMEDABAD,26129,-,02 Jul 2015,12:44
GOLD,10 GRMS,AHMEDABAD,26263,-,01 Jul 2015,16:50
GOLD,10 GRMS,AHMEDABAD,26301,-,01 Jul 2015,13:02
GOLD,10 GRMS,AHMEDABAD,26356,-,30 Jun 2015,17:06
GOLD,10 GRMS,AHMEDABAD,26406,-,30 Jun 2015,12:48
GOLD,10 GRMS,AHMEDABAD,26544,-,29 Jun 2015,16:50
GOLD,10 GRMS,AHMEDABAD,26626,+,29 Jun 2015,12:37
GOLD,10 GRMS,AHMEDABAD,26349,+,26 Jun 2015,16:29
GOLD,10 GRMS,AHMEDABAD,26328,+,26 Jun 2015,12:38
GOLD,10 GRMS,AHMEDABAD,26322,-,25 Jun 2015,16:29
GOLD,10 GRMS,AHMEDABAD,26371,-,25 Jun 2015,12:42
GOLD,10 GRMS,AHMEDABAD,26448,-,24 Jun 2015,16:40
GOLD,10 GRMS,AHMEDABAD,26456,-,24 Jun 2015,12:45
GOLD,10 GRMS,AHMEDABAD,26509,-,23 Jun 2015,16:57
GOLD,10 GRMS,AHMEDABAD,26569,-,23 Jun 2015,12:47
GOLD,10 GRMS,AHMEDABAD,26716,-,22 Jun 2015,16:28
GOLD,10 GRMS,AHMEDABAD,26750,-,22 Jun 2015,12:48
GOLD,10 GRMS,AHMEDABAD,26884,-,19 Jun 2015,16:53
GOLD,10 GRMS,AHMEDABAD,26916,+,19 Jun 2015,12:53
GOLD,10 GRMS,AHMEDABAD,26844,+,18 Jun 2015,16:37
GOLD,10 GRMS,AHMEDABAD,26721,+,18 Jun 2015,12:51
GOLD,10 GRMS,AHMEDABAD,26668,-,17 Jun 2015,16:53
GOLD,10 GRMS,AHMEDABAD,26685,-,17 Jun 2015,12:42
GOLD,10 GRMS,AHMEDABAD,26846,-,16 Jun 2015,16:47
GOLD,10 GRMS,AHMEDABAD,26861,+,16 Jun 2015,12:54
GOLD,10 GRMS,AHMEDABAD,26630,-,15 Jun 2015,16:58
GOLD,10 GRMS,AHMEDABAD,26769,+,15 Jun 2015,12:47
GOLD,10 GRMS,AHMEDABAD,26700,-,12 Jun 2015,16:31
GOLD,10 GRMS,AHMEDABAD,26762,+,12 Jun 2015,12:43
GOLD,10 GRMS,AHMEDABAD,26687,-,11 Jun 2015,16:35
GOLD,10 GRMS,AHMEDABAD,26745,-,11 Jun 2015,12:39
GOLD,10 GRMS,AHMEDABAD,26772,+,10 Jun 2015,16:36
GOLD,10 GRMS,AHMEDABAD,26725,-,10 Jun 2015,12:49
GOLD,10 GRMS,AHMEDABAD,26731,+,09 Jun 2015,16:45
GOLD,10 GRMS,AHMEDABAD,26647,+,09 Jun 2015,13:01
GOLD,10 GRMS,AHMEDABAD,26628,+,08 Jun 2015,16:56
GOLD,10 GRMS,AHMEDABAD,26622,+,08 Jun 2015,12:44
GOLD,10 GRMS,AHMEDABAD,26556,-,05 Jun 2015,17:08
GOLD,10 GRMS,AHMEDABAD,26619,-,05 Jun 2015,12:53
GOLD,10 GRMS,AHMEDABAD,26798,-,04 Jun 2015,17:05
GOLD,10 GRMS,AHMEDABAD,26803,-,04 Jun 2015,13:00
GOLD,10 GRMS,AHMEDABAD,26883,-,03 Jun 2015,16:43
GOLD,10 GRMS,AHMEDABAD,26936,+,03 Jun 2015,12:39
GOLD,10 GRMS,AHMEDABAD,26914,+,02 Jun 2015,16:35
GOLD,10 GRMS,AHMEDABAD,26847,+,02 Jun 2015,12:35
GOLD,10 GRMS,AHMEDABAD,26772,-,01 Jun 2015,16:48
GOLD,10 GRMS,AHMEDABAD,26827,-,01 Jun 2015,12:35
GOLD,10 GRMS,AHMEDABAD,26843,-,29 May 2015,17:17
GOLD,10 GRMS,AHMEDABAD,26844,-,29 May 2015,12:44
GOLD,10 GRMS,AHMEDABAD,26858,-,28 May 2015,16:43
GOLD,10 GRMS,AHMEDABAD,26862,-,28 May 2015,12:52
GOLD,10 GRMS,AHMEDABAD,26890,-,27 May 2015,16:37
GOLD,10 GRMS,AHMEDABAD,26919,-,27 May 2015,12:43
GOLD,10 GRMS,AHMEDABAD,27032,+,26 May 2015,16:33
GOLD,10 GRMS,AHMEDABAD,27009,-,26 May 2015,12:46
GOLD,10 GRMS,AHMEDABAD,27066,-,25 May 2015,16:58
GOLD,10 GRMS,AHMEDABAD,27109,-,25 May 2015,12:52
GOLD,10 GRMS,AHMEDABAD,27225,+,22 May 2015,16:39
GOLD,10 GRMS,AHMEDABAD,27149,-,22 May 2015,13:00
GOLD,10 GRMS,AHMEDABAD,27212,-,21 May 2015,16:33
GOLD,10 GRMS,AHMEDABAD,27221,-,21 May 2015,12:44
GOLD,10 GRMS,AHMEDABAD,27253,+,20 May 2015,16:24
GOLD,10 GRMS,AHMEDABAD,27173,-,20 May 2015,12:44
GOLD,10 GRMS,AHMEDABAD,27441,+,19 May 2015,16:32
GOLD,10 GRMS,AHMEDABAD,27430,-,19 May 2015,12:44
GOLD,10 GRMS,AHMEDABAD,27596,+,18 May 2015,16:44
GOLD,10 GRMS,AHMEDABAD,27576,+,18 May 2015,12:49
GOLD,10 GRMS,AHMEDABAD,27252,-,15 May 2015,16:37
GOLD,10 GRMS,AHMEDABAD,27373,-,15 May 2015,12:48
GOLD,10 GRMS,AHMEDABAD,27412,-,14 May 2015,16:43
GOLD,10 GRMS,AHMEDABAD,27414,+,14 May 2015,12:33
GOLD,10 GRMS,AHMEDABAD,27041,-,13 May 2015,16:42
GOLD,10 GRMS,AHMEDABAD,27125,+,13 May 2015,12:40
GOLD,10 GRMS,AHMEDABAD,27100,+,12 May 2015,16:26
GOLD,10 GRMS,AHMEDABAD,26902,+,12 May 2015,12:45
GOLD,10 GRMS,AHMEDABAD,26848,+,11 May 2015,16:51
GOLD,10 GRMS,AHMEDABAD,26787,-,11 May 2015,12:57
GOLD,10 GRMS,AHMEDABAD,26845,-,08 May 2015,16:57
GOLD,10 GRMS,AHMEDABAD,26858,-,08 May 2015,12:48
GOLD,10 GRMS,AHMEDABAD,26904,+,07 May 2015,16:48
GOLD,10 GRMS,AHMEDABAD,26795,+,07 May 2015,12:39
GOLD,10 GRMS,AHMEDABAD,26784,-,06 May 2015,16:54
GOLD,10 GRMS,AHMEDABAD,26892,+,06 May 2015,13:06
GOLD,10 GRMS,AHMEDABAD,26762,-,05 May 2015,17:09
GOLD,10 GRMS,AHMEDABAD,26763,-,05 May 2015,13:01
GOLD,10 GRMS,AHMEDABAD,27047,+,30 Apr 2015,17:16
GOLD,10 GRMS,AHMEDABAD,27034,+,30 Apr 2015,12:52
GOLD,10 GRMS,AHMEDABAD,26991,-,29 Apr 2015,16:47
GOLD,10 GRMS,AHMEDABAD,26993,+,29 Apr 2015,12:56
GOLD,10 GRMS,AHMEDABAD,26866,-,28 Apr 2015,16:55
GOLD,10 GRMS,AHMEDABAD,26924,+,28 Apr 2015,13:04
GOLD,10 GRMS,AHMEDABAD,26632,-,27 Apr 2015,16:53
GOLD,10 GRMS,AHMEDABAD,26637,-,27 Apr 2015,12:55
GOLD,10 GRMS,AHMEDABAD,26780,+,24 Apr 2015,16:31
GOLD,10 GRMS,AHMEDABAD,26772,+,24 Apr 2015,13:01
GOLD,10 GRMS,AHMEDABAD,26610,+,23 Apr 2015,16:27
GOLD,10 GRMS,AHMEDABAD,26556,-,23 Apr 2015,12:49
GOLD,10 GRMS,AHMEDABAD,26741,-,22 Apr 2015,16:56
GOLD,10 GRMS,AHMEDABAD,26751,+,22 Apr 2015,12:50
GOLD,10 GRMS,AHMEDABAD,26687,+,21 Apr 2015,16:35
GOLD,10 GRMS,AHMEDABAD,26616,-,21 Apr 2015,12:41
GOLD,10 GRMS,AHMEDABAD,26730,+,20 Apr 2015,16:36
GOLD,10 GRMS,AHMEDABAD,26723,+,20 Apr 2015,12:38
GOLD,10 GRMS,AHMEDABAD,26605,+,17 Apr 2015,16:37
GOLD,10 GRMS,AHMEDABAD,26525,-,17 Apr 2015,12:51
GOLD,10 GRMS,AHMEDABAD,26654,+,16 Apr 2015,16:42
GOLD,10 GRMS,AHMEDABAD,26608,+,16 Apr 2015,12:53
GOLD,10 GRMS,AHMEDABAD,26378,-,15 Apr 2015,16:50
GOLD,10 GRMS,AHMEDABAD,26412,-,15 Apr 2015,12:44
GOLD,10 GRMS,AHMEDABAD,26544,-,13 Apr 2015,16:50
GOLD,10 GRMS,AHMEDABAD,26609,+,13 Apr 2015,12:51
GOLD,10 GRMS,AHMEDABAD,26550,+,10 Apr 2015,16:45
GOLD,10 GRMS,AHMEDABAD,26398,-,10 Apr 2015,12:53
GOLD,10 GRMS,AHMEDABAD,26424,+,09 Apr 2015,16:53
GOLD,10 GRMS,AHMEDABAD,26398,-,09 Apr 2015,12:57
GOLD,10 GRMS,AHMEDABAD,26697,-,08 Apr 2015,16:46
GOLD,10 GRMS,AHMEDABAD,26709,-,08 Apr 2015,12:52
GOLD,10 GRMS,AHMEDABAD,26714,-,07 Apr 2015,16:58
GOLD,10 GRMS,AHMEDABAD,26771,-,07 Apr 2015,12:52
GOLD,10 GRMS,AHMEDABAD,26851,+,06 Apr 2015,17:06
GOLD,10 GRMS,AHMEDABAD,26804,+,06 Apr 2015,12:50
GOLD,10 GRMS,AHMEDABAD,26169,-,01 Apr 2015,17:17
GOLD,10 GRMS,AHMEDABAD,26195,-,01 Apr 2015,12:57
GOLD,10 GRMS,AHMEDABAD,26232,+,31 Mar 2015,17:31
GOLD,10 GRMS,AHMEDABAD,26158,-,31 Mar 2015,12:55
GOLD,10 GRMS,AHMEDABAD,26278,-,30 Mar 2015,16:50
GOLD,10 GRMS,AHMEDABAD,26341,-,30 Mar 2015,12:55
GOLD,10 GRMS,AHMEDABAD,26484,-,27 Mar 2015,16:35
GOLD,10 GRMS,AHMEDABAD,26645,-,27 Mar 2015,12:42
GOLD,10 GRMS,AHMEDABAD,26720,+,26 Mar 2015,16:37
GOLD,10 GRMS,AHMEDABAD,26613,+,26 Mar 2015,12:49
GOLD,10 GRMS,AHMEDABAD,26267,+,25 Mar 2015,16:49
GOLD,10 GRMS,AHMEDABAD,26200,-,25 Mar 2015,12:49
GOLD,10 GRMS,AHMEDABAD,26231,+,24 Mar 2015,17:00
GOLD,10 GRMS,AHMEDABAD,26144,+,24 Mar 2015,12:37
GOLD,10 GRMS,AHMEDABAD,26056,-,23 Mar 2015,16:56
GOLD,10 GRMS,AHMEDABAD,26092,+,23 Mar 2015,12:46
GOLD,10 GRMS,AHMEDABAD,25925,+,20 Mar 2015,16:34
GOLD,10 GRMS,AHMEDABAD,25914,+,20 Mar 2015,12:50
GOLD,10 GRMS,AHMEDABAD,25810,-,19 Mar 2015,16:37
GOLD,10 GRMS,AHMEDABAD,25905,+,19 Mar 2015,12:59
GOLD,10 GRMS,AHMEDABAD,25596,+,18 Mar 2015,16:58
GOLD,10 GRMS,AHMEDABAD,25531,-,18 Mar 2015,12:50
GOLD,10 GRMS,AHMEDABAD,25646,-,17 Mar 2015,16:43
GOLD,10 GRMS,AHMEDABAD,25711,-,17 Mar 2015,12:46
GOLD,10 GRMS,AHMEDABAD,25838,-,16 Mar 2015,16:51
GOLD,10 GRMS,AHMEDABAD,25902,+,16 Mar 2015,12:46
GOLD,10 GRMS,AHMEDABAD,25872,+,13 Mar 2015,16:49
GOLD,10 GRMS,AHMEDABAD,25812,+,13 Mar 2015,12:44
GOLD,10 GRMS,AHMEDABAD,25805,-,12 Mar 2015,16:34
GOLD,10 GRMS,AHMEDABAD,25867,-,12 Mar 2015,12:45
GOLD,10 GRMS,AHMEDABAD,25882,-,11 Mar 2015,16:42
GOLD,10 GRMS,AHMEDABAD,25948,+,11 Mar 2015,12:54
GOLD,10 GRMS,AHMEDABAD,25933,-,10 Mar 2015,16:56
GOLD,10 GRMS,AHMEDABAD,25985,-,10 Mar 2015,12:50
GOLD,10 GRMS,AHMEDABAD,26139,+,09 Mar 2015,16:36
GOLD,10 GRMS,AHMEDABAD,26113,-,09 Mar 2015,12:50
GOLD,10 GRMS,AHMEDABAD,26545,-,05 Mar 2015,16:35
GOLD,10 GRMS,AHMEDABAD,26557,+,05 Mar 2015,12:55
GOLD,10 GRMS,AHMEDABAD,26554,+,04 Mar 2015,16:50
GOLD,10 GRMS,AHMEDABAD,26508,-,04 Mar 2015,12:55
GOLD,10 GRMS,AHMEDABAD,26553,+,03 Mar 2015,16:35
GOLD,10 GRMS,AHMEDABAD,26514,-,03 Mar 2015,12:52
GOLD,10 GRMS,AHMEDABAD,26745,-,02 Mar 2015,16:56
GOLD,10 GRMS,AHMEDABAD,26801,+,02 Mar 2015,12:52
GOLD,10 GRMS,AHMEDABAD,26559,+,28 Feb 2015,16:39
GOLD,10 GRMS,AHMEDABAD,26550,+,28 Feb 2015,12:52
GOLD,10 GRMS,AHMEDABAD,26309,-,27 Feb 2015,17:20
GOLD,10 GRMS,AHMEDABAD,26424,-,27 Feb 2015,12:56
GOLD,10 GRMS,AHMEDABAD,26571,+,26 Feb 2015,16:45
GOLD,10 GRMS,AHMEDABAD,26563,+,26 Feb 2015,12:53
GOLD,10 GRMS,AHMEDABAD,26547,-,25 Feb 2015,16:45
GOLD,10 GRMS,AHMEDABAD,26642,+,25 Feb 2015,12:49
GOLD,10 GRMS,AHMEDABAD,26499,-,24 Feb 2015,16:45
GOLD,10 GRMS,AHMEDABAD,26512,+,24 Feb 2015,12:56
GOLD,10 GRMS,AHMEDABAD,26429,-,23 Feb 2015,16:31
GOLD,10 GRMS,AHMEDABAD,26561,-,23 Feb 2015,12:48
GOLD,10 GRMS,AHMEDABAD,26655,-,20 Feb 2015,16:53
GOLD,10 GRMS,AHMEDABAD,26698,-,20 Feb 2015,13:02
GOLD,10 GRMS,AHMEDABAD,26841,+,19 Feb 2015,16:47
GOLD,10 GRMS,AHMEDABAD,26771,+,19 Feb 2015,12:50
GOLD,10 GRMS,AHMEDABAD,26660,-,18 Feb 2015,16:42
GOLD,10 GRMS,AHMEDABAD,26730,-,18 Feb 2015,12:59
GOLD,10 GRMS,AHMEDABAD,27189,+,16 Feb 2015,16:53
GOLD,10 GRMS,AHMEDABAD,27188,+,16 Feb 2015,12:51
GOLD,10 GRMS,AHMEDABAD,27069,-,13 Feb 2015,16:58
GOLD,10 GRMS,AHMEDABAD,27125,+,13 Feb 2015,12:41
GOLD,10 GRMS,AHMEDABAD,27081,+,12 Feb 2015,16:41
GOLD,10 GRMS,AHMEDABAD,27073,-,12 Feb 2015,12:45
GOLD,10 GRMS,AHMEDABAD,27276,+,11 Feb 2015,16:39
GOLD,10 GRMS,AHMEDABAD,27266,-,11 Feb 2015,12:44
GOLD,10 GRMS,AHMEDABAD,27295,-,10 Feb 2015,16:36
GOLD,10 GRMS,AHMEDABAD,27341,-,10 Feb 2015,12:42
GOLD,10 GRMS,AHMEDABAD,27343,+,09 Feb 2015,17:01
GOLD,10 GRMS,AHMEDABAD,27341,-,09 Feb 2015,12:53
GOLD,10 GRMS,AHMEDABAD,27666,-,06 Feb 2015,17:01
GOLD,10 GRMS,AHMEDABAD,27722,+,06 Feb 2015,12:42
GOLD,10 GRMS,AHMEDABAD,27585,-,05 Feb 2015,16:54
GOLD,10 GRMS,AHMEDABAD,27818,+,05 Feb 2015,12:56
GOLD,10 GRMS,AHMEDABAD,27731,+,04 Feb 2015,17:17
GOLD,10 GRMS,AHMEDABAD,27682,-,04 Feb 2015,13:10
GOLD,10 GRMS,AHMEDABAD,27955,+,03 Feb 2015,16:52
GOLD,10 GRMS,AHMEDABAD,27895,-,03 Feb 2015,12:48
GOLD,10 GRMS,AHMEDABAD,27907,-,02 Feb 2015,17:01
GOLD,10 GRMS,AHMEDABAD,27954,+,02 Feb 2015,12:42
GOLD,10 GRMS,AHMEDABAD,27630,+,30 Jan 2015,17:02
GOLD,10 GRMS,AHMEDABAD,27533,-,30 Jan 2015,12:44
GOLD,10 GRMS,AHMEDABAD,27884,+,29 Jan 2015,16:46
GOLD,10 GRMS,AHMEDABAD,27821,-,29 Jan 2015,12:41
GOLD,10 GRMS,AHMEDABAD,27930,-,28 Jan 2015,16:58
GOLD,10 GRMS,AHMEDABAD,27967,+,28 Jan 2015,12:46
GOLD,10 GRMS,AHMEDABAD,27775,-,27 Jan 2015,16:44
GOLD,10 GRMS,AHMEDABAD,27775,-,27 Jan 2015,16:44
GOLD,10 GRMS,AHMEDABAD,27816,-,27 Jan 2015,12:51
GOLD,10 GRMS,AHMEDABAD,28017,-,23 Jan 2015,16:52
GOLD,10 GRMS,AHMEDABAD,28025,+,23 Jan 2015,12:48
GOLD,10 GRMS,AHMEDABAD,27939,+,22 Jan 2015,16:40
GOLD,10 GRMS,AHMEDABAD,27932,-,22 Jan 2015,12:52
GOLD,10 GRMS,AHMEDABAD,27932,-,22 Jan 2015,12:52
GOLD,10 GRMS,AHMEDABAD,28168,+,21 Jan 2015,16:48
GOLD,10 GRMS,AHMEDABAD,28167,+,21 Jan 2015,12:51
GOLD,10 GRMS,AHMEDABAD,28167,+,21 Jan 2015,12:51
GOLD,10 GRMS,AHMEDABAD,27997,+,20 Jan 2015,16:49
GOLD,10 GRMS,AHMEDABAD,27778,+,20 Jan 2015,12:48
GOLD,10 GRMS,AHMEDABAD,27730,+,19 Jan 2015,16:59
GOLD,10 GRMS,AHMEDABAD,27730,+,19 Jan 2015,16:59
GOLD,10 GRMS,AHMEDABAD,27702,+,19 Jan 2015,12:57
GOLD,10 GRMS,AHMEDABAD,27468,+,16 Jan 2015,16:44
GOLD,10 GRMS,AHMEDABAD,27440,+,16 Jan 2015,12:46
GOLD,10 GRMS,AHMEDABAD,27259,+,15 Jan 2015,16:42
GOLD,10 GRMS,AHMEDABAD,26840,-,15 Jan 2015,12:45
GOLD,10 GRMS,AHMEDABAD,27167,=,14 Jan 2015,12:40
GOLD,10 GRMS,AHMEDABAD,27167,=,14 Jan 2015,12:40
GOLD,10 GRMS,AHMEDABAD,27167,+,13 Jan 2015,16:48
GOLD,10 GRMS,AHMEDABAD,27079,+,13 Jan 2015,12:40
GOLD,10 GRMS,AHMEDABAD,26905,-,12 Jan 2015,16:45
GOLD,10 GRMS,AHMEDABAD,26999,+,12 Jan 2015,12:43
GOLD,10 GRMS,AHMEDABAD,26754,-,09 Jan 2015,16:31
GOLD,10 GRMS,AHMEDABAD,26782,-,09 Jan 2015,12:46
GOLD,10 GRMS,AHMEDABAD,26782,-,09 Jan 2015,12:46
GOLD,10 GRMS,AHMEDABAD,26818,-,08 Jan 2015,16:43
GOLD,10 GRMS,AHMEDABAD,26917,-,08 Jan 2015,12:33
GOLD,10 GRMS,AHMEDABAD,27141,+,07 Jan 2015,16:43
GOLD,10 GRMS,AHMEDABAD,27136,-,07 Jan 2015,12:56
GOLD,10 GRMS,AHMEDABAD,27136,-,07 Jan 2015,12:56
GOLD,10 GRMS,AHMEDABAD,27216,+,06 Jan 2015,16:33
GOLD,10 GRMS,AHMEDABAD,27079,+,06 Jan 2015,12:46
GOLD,10 GRMS,AHMEDABAD,26760,-,05 Jan 2015,16:56
GOLD,10 GRMS,AHMEDABAD,26760,-,05 Jan 2015,16:56
GOLD,10 GRMS,AHMEDABAD,26840,+,05 Jan 2015,12:45
GOLD,10 GRMS,AHMEDABAD,26539,-,02 Jan 2015,16:58
GOLD,10 GRMS,AHMEDABAD,26585,-,02 Jan 2015,13:00
GOLD,10 GRMS,AHMEDABAD,26602,-,01 Jan 2015,16:22
GOLD,10 GRMS,AHMEDABAD,26654,-,01 Jan 2015,12:45
